{"B-ACCOUNTNAME": {"precision": 0.9466019417475728, "recall": 0.9948979591836735, "f1-score": 0.9701492537313433, "support": 196.0}, "B-ACCOUNTNUMBER": {"precision": 0.861904761904762, "recall": 1.0, "f1-score": 0.9258312020460359, "support": 181.0}, "B-AGE": {"precision": 0.859504132231405, "recall": 0.9541284403669725, "f1-score": 0.9043478260869566, "support": 109.0}, "B-AMOUNT": {"precision": 0.9170731707317074, "recall": 0.9690721649484536, "f1-score": 0.9423558897243108, "support": 194.0}, "B-BIC": {"precision": 0.0, "recall": 0.0, "f1-score": 0.0, "support": 12.0}, "B-BITCOINADDRESS": {"precision": 0.75, "recall": 1.0, "f1-score": 0.8571428571428571, "support": 90.0}, "B-BUILDINGNUMBER": {"precision": 0.572139303482587, "recall": 0.9745762711864406, "f1-score": 0.7210031347962381, "support": 118.0}, "B-CITY": {"precision": 0.8761467889908257, "recall": 0.880184331797235, "f1-score": 0.8781609195402298, "support": 217.0}, "B-COMPANYNAME": {"precision": 0.9736842105263158, "recall": 0.9736842105263158, "f1-score": 0.9736842105263158, "support": 190.0}, "B-COUNTY": {"precision": 0.8232558139534883, "recall": 0.921875, "f1-score": 0.8697788697788698, "support": 192.0}, "B-CREDITCARDCVV": {"precision": 0.0, "recall": 0.0, "f1-score": 0.0, "support": 21.0}, "B-CREDITCARDISSUER": {"precision": 0.0, "recall": 0.0, "f1-score": 0.0, "support": 34.0}, "B-CREDITCARDNUMBER": {"precision": 0.5447761194029851, "recall": 0.9864864864864865, "f1-score": 0.701923076923077, "support": 74.0}, "B-CURRENCY": {"precision": 0.6666666666666666, "recall": 0.34285714285714286, "f1-score": 0.4528301886792453, "support": 70.0}, "B-CURRENCYCODE": {"precision": 0.0, "recall": 0.0, "f1-score": 0.0, "support": 15.0}, "B-CURRENCYNAME": {"precision": 0.0, "recall": 0.0, "f1-score": 0.0, "support": 19.0}, "B-CURRENCYSYMBOL": {"precision": 0.6291390728476821, "recall": 0.8482142857142857, "f1-score": 0.7224334600760456, "support": 112.0}, "B-DATE": {"precision": 0.7515337423312883, "recall": 0.9959349593495935, "f1-score": 0.8566433566433567, "support": 246.0}, "B-DOB": {"precision": 0.0, "recall": 0.0, "f1-score": 0.0, "support": 79.0}, "B-EMAIL": {"precision": 0.9559471365638766, "recall": 0.9954128440366973, "f1-score": 0.9752808988764046, "support": 218.0}, "B-ETHEREUMADDRESS": {"precision": 0.967741935483871, "recall": 1.0, "f1-score": 0.9836065573770492, "support": 60.0}, "B-EYECOLOR": {"precision": 0.0, "recall": 0.0, "f1-score": 0.0, "support": 24.0}, "B-FIRSTNAME": {"precision": 0.7274119448698315, "recall": 0.9634888438133874, "f1-score": 0.8289703315881326, "support": 493.0}, "B-GENDER": {"precision": 0.7548387096774194, "recall": 0.9069767441860465, "f1-score": 0.823943661971831, "support": 129.0}, "B-HEIGHT": {"precision": 0.0, "recall": 0.0, "f1-score": 0.0, "support": 16.0}, "B-IBAN": {"precision": 0.9534883720930233, "recall": 0.9534883720930233, "f1-score": 0.9534883720930233, "support": 43.0}, "B-IP": {"precision": 0.0, "recall": 0.0, "f1-score": 0.0, "support": 49.0}, "B-IPV4": {"precision": 0.8607594936708861, "recall": 0.9951219512195122, "f1-score": 0.923076923076923, "support": 205.0}, "B-IPV6": {"precision": 0.73125, "recall": 0.9831932773109243, "f1-score": 0.8387096774193548, "support": 119.0}, "B-JOBAREA": {"precision": 0.75, "recall": 0.87, "f1-score": 0.8055555555555555, "support": 200.0}, "B-JOBTITLE": {"precision": 0.9553571428571429, "recall": 0.9953488372093023, "f1-score": 0.9749430523917996, "support": 215.0}, "B-JOBTYPE": {"precision": 0.8846153846153846, "recall": 0.9517241379310345, "f1-score": 0.9169435215946844, "support": 145.0}, "B-LASTNAME": {"precision": 0.7964285714285714, "recall": 0.9409282700421941, "f1-score": 0.862669245647969, "support": 237.0}, "B-LITECOINADDRESS": {"precision": 0.0, "recall": 0.0, "f1-score": 0.0, "support": 26.0}, "B-MAC": {"precision": 1.0, "recall": 0.3125, "f1-score": 0.47619047619047616, "support": 32.0}, "B-MASKEDNUMBER": {"precision": 0.0, "recall": 0.0, "f1-score": 0.0, "support": 67.0}, "B-MIDDLENAME": {"precision": 0.0, "recall": 0.0, "f1-score": 0.0, "support": 183.0}, "B-NEARBYGPSCOORDINATE": {"precision": 1.0, "recall": 1.0, "f1-score": 1.0, "support": 41.0}, "B-ORDINALDIRECTION": {"precision": 1.0, "recall": 0.1, "f1-score": 0.18181818181818182, "support": 20.0}, "B-PASSWORD": {"precision": 0.5447154471544715, "recall": 0.9852941176470589, "f1-score": 0.7015706806282723, "support": 68.0}, "B-PHONEIMEI": {"precision": 1.0, "recall": 1.0, "f1-score": 1.0, "support": 39.0}, "B-PHONENUMBER": {"precision": 0.8930232558139535, "recall": 1.0, "f1-score": 0.9434889434889435, "support": 192.0}, "B-PIN": {"precision": 0.0, "recall": 0.0, "f1-score": 0.0, "support": 24.0}, "B-PREFIX": {"precision": 0.9953051643192489, "recall": 1.0, "f1-score": 0.9976470588235293, "support": 212.0}, "B-SECONDARYADDRESS": {"precision": 0.98, "recall": 1.0, "f1-score": 0.98989898989899, "support": 49.0}, "B-SEX": {"precision": 0.9625, "recall": 0.9746835443037974, "f1-score": 0.9685534591194969, "support": 79.0}, "B-SSN": {"precision": 1.0, "recall": 0.018867924528301886, "f1-score": 0.037037037037037035, "support": 53.0}, "B-STATE": {"precision": 0.7854251012145749, "recall": 0.9948717948717949, "f1-score": 0.8778280542986424, "support": 195.0}, "B-STREET": {"precision": 0.9459459459459459, "recall": 0.9395973154362416, "f1-score": 0.9427609427609427, "support": 149.0}, "B-TIME": {"precision": 0.9603960396039604, "recall": 0.9897959183673469, "f1-score": 0.9748743718592964, "support": 196.0}, "B-URL": {"precision": 1.0, "recall": 1.0, "f1-score": 1.0, "support": 197.0}, "B-USERAGENT": {"precision": 1.0, "recall": 1.0, "f1-score": 1.0, "support": 64.0}, "B-USERNAME": {"precision": 0.9444444444444444, "recall": 0.9760765550239234, "f1-score": 0.96, "support": 209.0}, "B-VEHICLEVIN": {"precision": 0.0, "recall": 0.0, "f1-score": 0.0, "support": 37.0}, "B-VEHICLEVRM": {"precision": 0.9444444444444444, "recall": 0.5151515151515151, "f1-score": 0.6666666666666666, "support": 33.0}, "B-ZIPCODE": {"precision": 0.3076923076923077, "recall": 0.07692307692307693, "f1-score": 0.12307692307692308, "support": 52.0}, "I-ACCOUNTNAME": {"precision": 0.9345238095238095, "recall": 1.0, "f1-score": 0.9661538461538461, "support": 314.0}, "I-ACCOUNTNUMBER": {"precision": 1.0, "recall": 0.9955947136563876, "f1-score": 0.9977924944812362, "support": 2043.0}, "I-AGE": {"precision": 0.85, "recall": 0.9807692307692307, "f1-score": 0.9107142857142857, "support": 104.0}, "I-AMOUNT": {"precision": 0.9624765478424016, "recall": 1.0, "f1-score": 0.9808795411089867, "support": 513.0}, "I-BIC": {"precision": 0.0, "recall": 0.0, "f1-score": 0.0, "support": 193.0}, "I-BITCOINADDRESS": {"precision": 0.8567168225565949, "recall": 1.0, "f1-score": 0.9228298167481931, "support": 6320.0}, "I-BUILDINGNUMBER": {"precision": 0.7463503649635036, "recall": 0.9738095238095238, "f1-score": 0.8450413223140495, "support": 420.0}, "I-CITY": {"precision": 0.893344709897611, "recall": 0.9440937781785392, "f1-score": 0.9180184129767646, "support": 1109.0}, "I-COMPANYNAME": {"precision": 0.9868559411146162, "recall": 0.9931216931216931, "f1-score": 0.9899789029535865, "support": 1890.0}, "I-COUNTY": {"precision": 0.8215488215488216, "recall": 0.7746031746031746, "f1-score": 0.7973856209150327, "support": 315.0}, "I-CREDITCARDCVV": {"precision": 0.0, "recall": 0.0, "f1-score": 0.0, "support": 39.0}, "I-CREDITCARDISSUER": {"precision": 0.0, "recall": 0.0, "f1-score": 0.0, "support": 69.0}, "I-CREDITCARDNUMBER": {"precision": 0.5473622850480909, "recall": 1.0, "f1-score": 0.7074778677717084, "support": 1878.0}, "I-CURRENCY": {"precision": 0.5320088300220751, "recall": 0.8033333333333333, "f1-score": 0.6401062416998672, "support": 300.0}, "I-CURRENCYCODE": {"precision": 0.0, "recall": 0.0, "f1-score": 0.0, "support": 44.0}, "I-CURRENCYNAME": {"precision": 0.0, "recall": 0.0, "f1-score": 0.0, "support": 71.0}, "I-CURRENCYSYMBOL": {"precision": 0.0, "recall": 0.0, "f1-score": 0.0,